{
    "Residential": 3.80248,
    "Utilities": 42.53820,
    "SupportiveHousing": 2.37008,
    "MajorIndustry": 8.34595,
    "LightIndustry": 10.24375,
    "Business": 12.02044,
    "ManagedForest": 0,
    "Rec_NonProfit": 6.73828,
    "Farm": 15.97448
}
